3.593647074497694,-3.752560427600259
2.1032802751364326,-7.4610483355740715
0.24479000314971078,0.7509070416764889
0.381638048330327,0.7573226048189173
-0.732329371933802,2.9638082597370623
4.30165581467198,-6.58263494413719
0.5437525454242689,0.7197615969447243
-0.25797611215898364,1.9414187262197191
-2.586643792359098,3.0100251941492333
4.795124207692581,-6.166000388099886
0.3134299629598525,1.2137418081215046
4.538635572639,-6.396553452940455
4.68334832441389,-6.190455412474534
-4.557950352749658,7.929328101438741
-2.139509183805113,2.7915056458875913
-2.0974642046271477,2.5143929904819062
-2.5516130421413408,6.952488134067126
0.5069932727108215,1.0483235797602974
-1.1077310251045924,3.1922853811080785
0.3797471334948135,-1.7073774236945725
4.801341676059959,-4.406529049932921
-1.4682637434741306,5.494187462336408
2.307994472327123,-0.16566527863390412
0.8752985108069735,-0.013009154844204451
-1.69529942279945,4.889205989755736
-4.659594825529352,7.300450517179792
-2.5660241465990086,2.0179904743110684
-3.5098403480842775,4.760945852362058
2.742142392807021,-2.0433380434230664
-2.3208586824091038,5.6112471885734
-4.915183461566526,5.869346303186106
4.100766137685362,-2.411113551980204
-3.3444845039210582,6.503632993234482
2.4063063627758687,-0.7843085377944952
-4.595646662978323,11.379415665255312
-4.116675064197473,10.027663354522243
4.602207288867108,-3.6454613810649934
-1.673310347635545,3.7281410305624627
0.44587798088037456,-1.1730856608538986
1.926700788011317,-1.8119632204909513
2.5741392676673875,-2.7336482381441067
-3.888681967682416,8.419723656879519
-2.5305776819343837,5.359702255158272
0.4145365312954672,3.310592022491206
-4.6987653987249,5.890634361011816
3.4555205527233674,-6.750064290624996
0.027051365213218048,-0.6807925579725074
4.868918098877797,-7.756353058615771
1.2694718797587088,-0.624339917481594
0.7503195978373176,1.0076247005487569
1.7114337750637194,1.2359779262150759
4.929586972069091,-9.004066374306571
-0.8941913385469826,3.3300961890884024
3.438177362842268,-2.894071627052212
-2.5253410198745216,3.524793493670067
-1.2504881226163986,5.158710107302509
-3.861981865662316,7.069229789723682
-4.694791823707938,7.569191334732278
2.1644171886350216,0.28227645343608243
-2.507738956739618,5.496285960140774
0.985497218552891,-2.5637428525909627
-0.9435695346515764,3.7984696191183467
3.970964182807,-2.4114940296201213
-2.418725302516187,6.529468123105195
3.6551778446061878,-3.298586627563527
-4.07336026832203,7.961153062144759
0.502043852628999,-1.5892268931283045
-0.02730656006797183,-0.8062868601295305
-4.315718811160648,6.26168961686404
0.8030457005611167,2.4911446227334864
3.8785508967654323,-1.8428384712503902
-0.5390637456314238,0.7349187777506321
3.8721812678778242,-4.915796463469511
4.07194954592644,-4.53128720707027
-0.8116664140600118,1.9223823542185094
-3.4359830582956006,7.202844336260473
1.137063560769608,-0.6296816480768184
0.47653144290399396,2.0361754856895176
-0.3563841560498018,0.369358631521268
-2.2524530618811154,4.922356533972046
-4.743757041049118,6.883740876124214
-0.7754485888615337,2.802321611585711
4.860310162403046,-2.7400608111263383
2.6719323052303325,-0.7411957506027957
-2.4997033992214024,3.1330392052725227
3.0740734878725107,-4.543808741039894
4.262338603845652,-5.955891058462966
1.7235608624142724,-4.5824217158602405
-4.066812404068509,5.837500748710585
1.2063185298411403,0.8345900872218421
-0.18402917440725552,3.4369457736314426
-3.1229125141161527,6.2197915306297835
-1.4417008657598585,5.1706501411428185
-2.702131877018854,4.44850089726711
-1.3141122761914859,2.5136371447511254
3.8874391519846867,-3.99611552822711
-3.4816511948121285,10.513098191225057
-2.2244276710648325,4.411135219139161
-2.9901329133635723,9.555809634849593
-0.6959875974350291,4.0274627742999245
-4.421217816355556,7.635431416117407
4.887948335500697,-6.109006333523941
-0.15863052524057863,3.261931077842225
2.1995600663954784,-1.8962251925968046
1.1740642476208532,-3.1479491070186003
-4.700354840703563,5.303794838911896
2.1024202139647388,-8.276487487983827
-0.9124779064283031,0.2576716040567031
4.216215684877341,-6.972085227516185
1.0558790007603855,-0.43827982718776637
-3.023578077126232,6.182838614878946
1.9190198178886098,-0.35399049869835864
0.5514405272451128,-0.5482713109275038
4.017711504428528,-4.433106399877071
-1.8428994750205718,3.3028359420612508
4.041418951689229,-2.9946842647120957
-3.1384257936009243,4.7344716131318645
1.655070154491158,-1.4879286803308565
2.8932001363250714,-5.47916835779694
-4.153815665073324,5.050698496884699
0.9996797246186349,-0.37245068349315164
0.21793282689827276,2.69431390432314
4.628060691576238,-7.1140047695850335
4.622870652033313,-4.896951595759983
4.48925580719443,-6.121027590860662
-0.47133283612545984,4.500250332392724
0.2560946628833749,-4.108558730428404
2.910273076322251,-7.653942112323034
-0.3966208972992593,2.3757657277329383
2.343336234146359,-4.589583529549207
3.446240865896762,-3.638280750618318
2.2355501845983135,-3.8347022442529344
-3.4567955169417255,7.4879459095424625
0.36688376266903155,0.6497025644800459
0.3884296652993635,-0.947540012905868
-0.5175491946287716,5.257049361902375
1.4321805700214743,1.0222766819434628
2.070865417728985,-2.0658813573561683
1.4657127953258389,0.3536681555826797
-3.124129401504704,4.815153153835524
0.6002149971229418,1.8270425090794664
2.8727668633694883,-3.8449648859716277
-0.22350919617056686,-0.7270956535158422
2.707432631282572,-4.483412950699769
-0.24772945105637767,-1.4146201113876846
0.4187089412207534,-1.4988552452691715
-1.6194659220604581,8.361242285028547
-2.3012125612691126,1.7895020432364217
1.514399188511625,-1.878135467545294
-4.26437528278492,5.956475150176943
-2.2911925961516255,4.879458500313875
-2.2980095138967904,6.303833347143023
-1.1143715462224346,5.508064190605364
1.050049418113912,4.09817346490305
-4.332372390172122,7.245175564335131
-0.9247970050820609,2.371956739932029
-0.9972495297491468,3.880908332554263
-3.349898209900908,3.5637316648284636
4.062403447030093,-2.3979230672284335
-1.2279765211554605,3.5642326314211212
0.7174581684874717,-2.065288959093829
-4.042054496816095,8.61073429256134
-0.877680226718514,7.589345179554534
3.939780865883634,-5.147506729829786
-4.305873375230807,5.397629887764712
0.16494366588024523,2.986935808150869
-2.2941905232429374,5.766588335561809
2.5882041595697682,-4.123900785770267
-4.897731890975483,14.855048684499891
1.3549131516111963,-1.4612836621331327
4.9614093167995605,-5.6716253258531575
0.3460565656019554,-0.4802991253335266
4.298101343863442,-2.3408933010390003
2.6699076458397455,-5.201220039687422
0.441001114366232,-0.14383274642039978
1.3021834128667198,-2.4192094280503813
-0.4243266022713197,-1.2289674690525154
-2.0147142895210024,6.106311913301191
-2.0974181762590294,5.076167298284482
-2.109221410431572,1.2658484476870075
-3.113979314575035,3.967600677863914
-4.868294339166131,6.0147887209067665
1.6692900774408663,-1.0170981239839478
-2.4919317143146413,3.0404598345047407
4.805961409418975,-2.7504079577850478
4.199414021667046,-7.70471637103879
3.396368300080436,-3.8811777400425753
4.36823995484686,-5.988685427949902
2.1460924539706783,-3.248497769905083
1.2293808344473591,1.8787953324238975
0.8926931794022153,2.3014721689594113
-3.5432322483093373,7.427747035633647
-2.8652172959028785,9.942624840023338
1.9339583564348022,-2.3005753588129174
-2.7680585020650392,5.922596149638969
0.4637867399050144,3.642886192695168
-0.8119857075610417,0.9661917868784728
3.334818866609078,-5.585752889239915
-0.28411067978102444,3.3543975023607526
-2.6860735539679634,3.339965689151617
2.096727211320424,-1.8338662309118479
0.945405721217746,0.8979901832939328
2.981682209081172,-5.635976051756561
-3.894761746350132,7.804315143863131
-1.5396785035918068,2.54887189304782
4.565202911643418,-2.692040165253698
2.6411961535226967,0.20725507990776926
3.4310826088567907,-2.650793244201715
-3.1566185217285447,10.79116129553292
0.6553860059413799,0.5774747515404561
-4.374065487326433,11.815482155730827
3.1999611720277397,-3.110485393592694
-1.297685856040495,3.5053925335258964
1.0869600612493437,-0.5132796738850487
-0.6731280419894929,0.6885873502826667
-2.7188951646987958,1.2605688507251518
-0.8896397825771265,-1.6041639696980825
3.6454776481373283,-4.080378511634273
-4.0879251177129925,4.906405335272471
2.130260211306638,-4.174589689608558
-4.907595271580819,10.811403198830973
-2.4567788198428286,2.994668874363863
-0.3115768275068458,-1.3709327300625946
4.196589916878741,-7.89857431340846
-1.807576260501178,4.675125594931763
0.006775069466976369,2.744378780172813
3.5594664508722165,-6.565371054818889
-4.150211349139338,5.2766574851446
-1.3710856100197102,8.07772647193141
1.2057345197330473,-0.42828099020834826
-0.991469302558146,-4.791700291834633
-0.20853096218586575,-1.1241270999905395
2.685107362957867,-4.508694297388314
3.683380536400655,-7.433533482766226
2.0159049265487123,-3.007019278980645
-4.0560732135957,10.214719642316108
2.622767489216039,-4.869446159332969
-1.301715414096237,7.216922775005639
3.0194743546658156,-2.1939155255633795
2.2998067480893027,0.8805019176934232
-0.5345356532650944,0.6388371613053252
3.113825519197439,-5.289923075174217
-0.47930541681205785,1.2456653033155256
-0.5497078630749908,1.7664735149120925
3.1803201502864322,-0.9986099908780703
-0.29968025164163503,2.596871666171195
-0.8365627901849217,0.6055064013327836
3.6923984623720596,-6.46542056611623
1.6834708528683384,-0.8089380643024151
2.9023035690774126,-4.758072749929009
-3.463711369196351,7.116850285047715
-1.1825804158299302,0.5190022047683356
1.4848157602942198,0.5536855331700794
2.0198695106696283,-1.5034277468157533
2.839250425976675,-4.916602773877008
-2.342669678182708,4.548297692737831
2.715979138222452,-0.37319295958185217
-0.6648755272878866,3.803708629019615
-2.778840998696037,5.566520706789963
4.164061548742469,-4.2088358680879745
-0.4752496435500184,2.4765329509110705
-3.288618065550456,4.552424204897155
-2.18967041973964,1.2333483758430899
-2.1804292267842396,1.0515857825678419
-0.4335775304438947,0.8901270129226264
-3.867865952358133,5.589762596593408
-3.8057996634903724,3.9482897939007655
1.0809382613442082,-3.7408267062810605
1.1244544842637874,-1.3459533057843442
-1.7749300412386582,3.4254131918770327
-0.8655844998112556,-0.5669710333599909
-0.6133508901163554,0.1448056306614287
1.9510734676120132,-1.0187701549134653
-1.538571237050471,2.1351714685348684
1.9794866338064026,-6.036736361075979
-0.049502411086820075,-1.0100919271722275
-0.33381002802275184,1.4184090666768367
4.234177335706978,-7.185900279500329
-4.388818507948237,4.110563730657256
-0.25277031212416823,3.107898598156698
-3.130055782170947,3.552693752574705
-1.3930359079745234,2.926495435382055
-1.5258153660640028,4.282877712000009
-3.3073648410574394,5.574061119805876
-3.1420653206928737,5.318413826844957
1.1941366158565412,0.7829017323023009
-0.2678956062850082,-2.0697280787522336
-1.9888080069652814,3.7338848277367287
4.253664899399215,-4.047541241618406
3.0221366767880617,-3.3055831989619278
2.9623263577926213,-4.826544258676665
4.201831533795328,-6.826125321226371
-1.8632072805803457,5.465568478977362
-0.9000408767379291,4.593147186520907
1.3172829399152928,-1.9063485607514992
-1.9984404603088501,7.097167052441133
1.197871240739211,-2.782909038704341
4.164268801354837,-7.420489466394741
-2.38477812709486,6.075287714720099
-2.231394229377103,3.2089051410134672
2.5148719924710594,-4.455052773343189
0.4117333225345332,-1.605256518434426
-2.0834219289055023,5.317366309325087
2.856195486321065,-1.8405338568620282
0.4125234590886562,-1.4532621706904547
-3.6478885815342164,6.378373688104096
-2.644389704022887,5.955019369229204
1.5288666750497484,0.04511207658485583
-0.8136225616046584,2.7664318263460386
0.2701073492387698,0.581990358143068
-3.559273039012163,9.187585670037027
4.564128263499596,-7.249441748858079
4.932149780476994,-4.7694885958399915
4.929747216640175,-6.30836938001715
3.655024394194843,-3.0570404415407664
1.5711018543624125,-0.2891159064224731
4.533230263992159,-5.251948980405031
2.3662371735560424,-0.6069264650487156
0.631539207417501,4.5611773372169395
2.574016278029502,-4.3238654477102525
-0.19860972860193016,1.1898374214098015
-1.919509797472588,4.859270698387569
4.579367658293743,-4.994410499530814
-3.0611018879155107,5.259532496506074
1.1079331775455845,-1.9625661669606647
-3.4148243751457152,6.941806413290771
-2.48142472679743,3.4038493199528927
2.9820538144810627,-0.6070592516694706
-4.117770252986357,7.815714904724696
-2.057232529914627,2.396052456602512
3.008018327819773,-5.479149272606774
-0.6748990200431129,1.6548165057146693
2.9760431240444607,-1.5956351403993878
-4.785326941689294,12.532690428778674
-0.660396783328526,2.967966896226111
-1.8702927831849268,5.056462229630938
3.52644790474743,-3.077508095556622
3.880204260447451,-8.049310021227022
-3.6443958712521116,8.762433737751243
-3.445788199029339,7.152729334316784
3.32555262444882,-4.465907867428251
-0.47705310889281094,3.8914197974698155
-0.5934417910703713,2.780580600050893
-3.1091387415965754,6.366085858451956
-4.2243541111756695,7.021956686226572
-2.5132395938121155,2.6799571785463296
-0.5253738233079748,0.5039151782880742
-4.204948028093752,7.683957743886309
-0.028300801251138985,-0.4924985145820884
-1.4591698248990594,1.5883709899161822
4.183621540821502,-5.96329035972735
-1.1816748413195977,2.330427911596591
0.5164320782214524,1.7979142326351676
-2.1216099566548574,4.179905952416991
4.231122415981867,-4.0730247422212695
-0.7441282629723052,0.4136397570470507
-4.513443955705626,5.027582535443747
1.4128015293952512,-1.6288666192704682
0.002851809019007945,3.6152077831129197
-3.43952635853916,6.345252893443153
-2.1123282068739844,3.2081656289861225
2.3149467328876057,-0.809466902008438
-0.504796010429267,2.3764376848064925
-1.0278828585234212,1.9712201394110243
0.3287234596471267,1.4597995776017136
1.1978485305819877,0.23596704178580863
-2.502213270164504,5.001633261798333
-4.289839611075581,4.883799702360303
3.432439366972167,-2.233432792404783
-0.39117480542927385,-0.7585959555221877
4.932819775781857,-5.859173484209092
-4.318356473341379,6.103184950489186
1.9065628499849971,-1.2331516277454966
-3.2057732464319044,4.603910612966109
-4.361231558707184,6.683561707951601
1.6767332081351674,-0.7660193516218201
4.7630172801054,-6.28887742544712
4.656196795614836,-4.598039156427046
-4.738391437813235,11.873346327140275
2.188843112149332,-2.8448925679507013
0.261042308796374,1.4563639541350633
-3.1078543974932993,8.814755547063786
0.23474152597812648,-0.2946450668977354
-0.8715808776413674,0.6422975421110153
2.773860424149409,-3.7712858609934043
-2.3529557784710606,5.701294015143203
-0.943008776887087,1.9532470847562564
4.640979696354613,-3.7087434512456596
-3.154771129768603,4.490655940288967
-4.104526294803551,8.146320026265364
-3.865880287760856,7.396755583192118
-4.168989498468187,8.57311048478185
-3.364277801954855,7.148824629411269
2.2750273727521613,-1.1211211770964993
-4.249648658970476,6.815877772540165
-1.5633024894780236,3.0061275911154555
-1.3521247852634746,3.143503305348317
0.7368739330875851,0.7526968778969475
-3.1050144283198353,6.50263820441596
-2.4734350632991706,4.182562628632059
3.351329157830399,-4.580942682602146
-0.8358419837643725,3.162564449753129
-3.6756199113120736,5.439466662614301
2.4293648733947837,-1.056010972642919
-2.2686686196701333,6.975002506453626
-3.3376146959434907,4.924966963672041
0.6119955460835671,-0.31660410275469414
-1.8726485008826033,3.0758469153616455
4.872903059643887,-5.1935533780451895
1.2436259693992522,-0.23450126203707844
-3.3221784481032657,4.601902152991955
-2.2695652166424374,3.6854107176874664
1.753410081425974,1.4938592483745308
-0.39975357528242483,4.722587843183067
2.2798747311727654,-4.060744984228601
4.131511838402629,-2.560540323880879
0.3118370652650535,3.6456696714499777
-4.23292700346193,4.120689675803275
-2.9448156082946344,5.3654603390059155
3.7194597413419537,-8.624603730515815
-4.336518586662738,6.334218673554069
-0.33880886228852347,3.083762568687482
0.40301901507627136,-0.7360810490800371
-0.2892796364901873,2.423224494173065
-4.983951271331415,9.967180098303901
-3.6637481750630405,6.750647019811431
-3.082224333790795,3.177243580273283
-1.6302959321212827,5.39765788552635
-3.5019947876141333,1.4623203249200083
3.686522311067449,-2.25676308639077
4.3300814229842715,-4.407600272851346
3.6520545810356726,-4.191354801162676
1.1547258494424781,-2.350704601775864
-1.3880416081718092,1.4063655884880657
0.7803204824113363,-1.7608312515852347
3.975137023095746,-3.4781859097917156
-2.9434118285045816,5.507816870370854
2.160532270067921,-1.8565424972626574
0.2668868755573417,-2.159067286160246
1.5497580071252868,-2.9262083971079798
-1.3331995925069586,3.1522528743565057
3.9114296088172633,-5.814277045910085
2.970816115121292,-2.310628346011117
1.103529218025031,2.304851825535104
4.155594836108703,-5.339064388304632
-0.42816540144345794,5.621064244570407
-0.9272618499130232,2.8850023783754417
3.3391489445471088,-3.2332450276333695
-2.2749073323645694,5.12800420107512
3.7362044217278907,-7.4980218658378
1.0566288316641526,0.3675863311027847
0.7394049661296425,1.5433678172116545
3.816646896733893,-3.5580403803940186
0.07750560457168731,0.6955185281293486
0.1752837365261204,-1.1491504482557027
1.9245074693571684,-1.5015587671198805
-2.94192506239657,5.650119731610772
4.076783721260378,-5.978667978327118
4.2459027941339915,-5.656714981441634
-3.2250587560875488,6.737187760788349
-2.603347408316333,6.444384165240311
-2.329505556681406,3.5133800914244837
0.26067188080342163,0.17899244699444794
2.359636380942166,-1.8848984009196643
2.7936283351741515,-5.947939743929921
-3.711036664690944,5.20870326048226
-0.9867856832503712,1.1495139484614632
1.9270764842591062,-2.4374869943837907
1.0339909214360006,-0.28175030144956487
1.0400786596808107,2.6876048706030886
-2.232659510065708,6.116393597632839
-3.1535332458943035,7.988527227283602
-2.004060264670391,2.060629898296275
-0.671972564226162,2.8400612530445732
2.6878931066571177,-4.531843237485919
-3.407339827632654,7.555418501834022
-0.8207439557838212,2.820947518247661
3.02024301991975,-3.3516889798837437
-0.2624524605560339,2.6660064858095165
-1.2598549052111698,5.354736153419168
3.2659071869244816,-5.35529064612353
3.3633987918441974,-3.9139194773234056
-1.1922983002245866,2.8460606565496542
4.834408153077106,-7.146134578622926
4.668384362741058,-5.988958780965787
4.38638377129498,-5.69682013658539
-4.902734321899478,6.842367230727353
4.751809988845071,-2.7506785597257646
-1.268914554156071,3.6157368787224846
4.400876590512018,-5.555077044259135
-4.192102926841588,5.464998833813345
4.12678695978933,-8.708400630451983
2.0816488138620413,0.04948326570686312
-2.225320219247137,3.8486759195770954
-2.567599043375176,4.073527295921016
4.068959957216077,-3.4037199685259907
-4.376510859368578,10.275175293538798
4.952606273892984,-7.172629219043425
4.876577255577011,-6.478447528533028
-4.931222100477321,7.637577961650943
-0.018917215402391108,-1.384583177299091
-4.5622865644662465,9.223945834397526
4.747821533218815,-5.85790652353167
-0.4975490951563044,3.982413049648783
3.7553046721993013,-4.274230412619906
-4.0635454184559165,2.855123837912984
-3.4310585064243773,3.008097576345857
0.9977624567477683,-0.6103000758127832
1.6476159916497002,-2.8075781886883124
0.15076532646754082,-1.57529672511368
4.400952281662985,-3.7077388178260593
-4.333822701459978,6.804072099617225
2.4828037733738757,-4.661037860617032
0.808225865821055,2.1894260704293798
0.6179654980643274,-1.038475375941751
-3.9792955506546934,4.039465855736412
-2.418167588310307,8.073068433021199
1.3133805318590008,-2.477301677826853
1.7813889372126424,-2.5718149750984898
4.112430126848551,-3.4785749873296137
-2.1497602092202595,3.3341235427419598
4.628003819747713,-5.78745760431742
1.9611144968078271,-3.0873186601748825
-4.812441620034552,6.966318378895198
1.1709213634047577,0.8066611964849744
4.826067941287539,-5.43511129019198
-3.3461036485432083,7.566652290512502
-3.426461309825626,8.893111989846863
1.4797080784339087,-1.8004685633275503
-3.47357030840602,7.574853123331647
3.9361308025746293,-6.52003071343393
4.3466072065126955,-7.130570144559206
-0.7159100274497927,3.393287003979064
1.7173266748729983,-1.2765307187317676
-2.5598061913130743,4.760811024462161
-4.138067851692094,6.963007253452578
4.406769836551579,-4.727991528045413
-0.5777238006781271,1.6885691364880926
2.6475793687707663,-3.1282457257978415
4.032884888482792,-4.127815884767024
4.043592845346373,-6.854337708916276
-3.8400068249655073,7.787760775348604
1.4029518311110447,0.1395236243449418
3.152441454276854,-3.64313049976351
1.437267056316614,-0.15314931490493966
1.2763198701460041,2.0472771707080186
-4.697237917722854,10.492104633265592
2.6589713872169263,-1.7566269645259927
-2.4714330224808156,4.825298714449232
4.726091460422722,-4.491879873015823
-4.538093186533584,7.685284360242191
-0.07706967478356841,-0.467113905898239
1.8255378619909148,-0.8646975983034153
1.4793726015134743,-0.9163615906933721
0.19771523733109753,1.8683299769160342
0.6213862600149849,-2.6486284988179203
0.9261636284751775,-2.9518718709090606
-2.3637799442609397,4.8296801383536945
0.6064826088279904,-2.102834094222027
-4.901314606229383,10.133689527671732
1.2441497993456032,-2.683374884205543
-1.9949230067987935,6.852129534682611
-4.319609188872972,7.765360309511056
4.474621211273671,-5.6676421559416506
-3.4963905320438027,6.335753291230141
4.776532027541499,-2.1582349382448243
2.598319832745686,-1.3646442615808574
1.023363692443958,2.7406162808249785
-1.444029477630846,1.887238869060066
0.1381194804451935,-1.6285887755135575
2.9546011065580284,-2.316934448279893
3.2102240115362157,-4.9845236511309485
4.404353093954413,-2.165073168286623
4.3782544297643895,-6.467492555632862
-2.7237879425268474,5.867600911845329
2.32705792554036,-2.5482453574723034
-0.0916413427752687,0.38373836375963843
4.850972583011901,-3.6619897020435914
-2.092056616432064,7.014920637650551
-1.885223830403878,2.379094457951747
0.4058265562082921,-1.2816661389231832
3.1217917501831067,-3.6578190092535845
-3.2689339753519366,2.897354350088793
4.721316101959522,-5.030960477038071
2.0994830185654436,-6.109344404002319
-3.9935930469275425,5.249354350197082
4.099558427379099,-5.888327716185084
1.638445533501761,3.093381869353177
-0.38027260392871476,1.6221744164567031
2.1131067145508995,-0.5249877245717798
2.4350787225529658,-1.1685259293730563
-4.239038631914762,11.909987532355611
0.3921596937480709,2.7100503151470345
-3.987241305199486,10.481522630364095
0.5782087373792457,1.3590737246253735
-1.837634731310577,3.86797524398363
-2.5905324561000134,-0.01021077630282985
1.8865799775005883,0.9110029320898918
-0.9623473728763008,4.20274528074133
1.681221179669862,-0.19111968647010613
-2.510459793818749,3.8496654628729274
-1.022965014844984,2.219193641551737
2.8452129764359766,-1.8810942282298235
0.22786344379024648,2.896819545588433
3.520806462547256,-5.104523160454905
-0.2921314708658409,3.4959599053120862
-1.6072352779276757,5.586206404861029
-1.4119303538034158,3.3448076815735144
4.600547130483559,-11.460671741976835
0.892700510276554,-0.7260094348225155
-4.283749675020507,8.103941674277143
-1.778146607416795,3.9254368615329374
2.9826717981209914,-6.0658302160508955
2.1938737260504793,1.1039680276583628
-4.265994681447446,6.571471962187758
-2.7628970761281177,5.849544572854216
-3.7437073202138107,4.9830391903211915
4.4783440070584675,-2.1744218461897082
-3.453868023041818,6.245471392558327
-1.982940411073324,4.83955002684054
-4.940419691934621,8.730784290629092
2.1465806277554496,-7.279846080754299
2.035060864390945,-3.03151241345714
-1.7393675666312736,3.6428043768715854
-0.29897928112771766,4.513303938822849
-2.0824515190514123,4.074845015528677
2.6666230761775287,-6.734996297415648
3.274483031982406,-1.0687747391256792
-0.25693220174856,-1.506186704239405
0.6365200532470912,-0.038983097757923246
3.1686059772959663,-3.6096761783636575
-1.191823989253832,-1.8964561892561909
-0.8020360320396271,1.5778504017463375
-0.906308572970862,3.372989611691945
2.8662192025557864,-4.2137480882338565
-3.866451405484619,4.584970123284462
3.742935268133996,-2.825509997128362
-2.7306150937864504,1.3099027265908334
3.578770856539821,-7.549409889838957
-3.484314830447807,6.760322233252645
-1.9354487841981238,2.60223145222844
2.7781954480983986,-5.521976793083937
-1.7005021436218115,6.271405461700754
-0.03497675189701965,-0.00844010176235388
-4.5512023923387135,10.08839127351012
-1.4373838448665133,2.757980450602943
-4.959526413712786,9.9551685823314
0.4410371730547009,2.3356727012772667
-2.6058322100325926,8.098744798001956
-0.3234469127439832,-0.3880530716819175
-2.832134416992745,4.306524480188114
-3.6375317196381616,7.976686961894981
3.9736072444639277,-4.530281987693554
2.665117598150051,-2.507077887462816
-4.790947107083942,7.5184661172549605
1.1313021210782184,0.015120814637740176
-1.5232232183479777,5.1793614088121105
-0.16176333956653188,4.821771848759499
4.49809523471996,-3.945366763054954
-2.3485331644981358,4.606159330754662
1.3824566930257598,0.31003635082507364
-4.782484587286879,9.418859185136236
1.6816720377846721,-2.018156912527374
-2.6424448293106293,3.5543948566560095
-0.6149772665463491,2.4158204587894216
4.266811779477184,-6.966952956551252
4.711434484005805,-10.505696392512203
4.18316066022633,-8.938982333851278
-4.6651076640623765,6.619398767819897
3.417099399227837,-4.844490882931887
2.6433870365344427,0.10501164362426252
2.2004906019850488,-4.08196484098838
-1.687738622612398,3.756818375584097
1.4164180518692184,-1.020813882345237
-2.01410202564778,7.141861367573306
-4.378619410964565,7.112080273870713
0.5344890067995811,3.1986393366688457
-4.842269765640764,4.685652931820634
3.632035345777682,-2.2224601317627903
-2.965587531567655,4.334815627708938
-1.5217563181116986,1.9379585361649578
-0.1516743528294926,1.3927092659900413
1.1777358794568125,-4.081472461984353
4.025844099681633,-4.226492545011636
0.9387247143892807,0.9182328178065842
-4.403028531659375,11.394717746218703
1.1358718624266864,-1.2713699047580949
1.6790318069170063,-4.308109502212345
1.9523659810362348,0.7862493830451109
-1.5844733570508298,3.6524115096975707
-2.622766704929851,6.906370159809957
-0.5370535201081905,1.0084977670032962
3.741845273523637,-4.890622250963132
-4.609586666565281,8.061717424627489
3.3944705462810205,-1.8032275640766042
-1.4540734407966562,4.58947494444061
2.1062339628976012,-4.210180437455852
2.431387972659687,-4.5050182120101425
0.030378833093847923,1.050734336170831
-1.7522641513867585,4.100244852885505
2.6706908980064608,-3.7236277536851565
4.3328443199839,-4.543898530729872
4.913178363261505,-5.000937814097387
3.985114856350723,-7.319996473893452
2.010377066560709,-6.461223195470221
-1.052282736214869,4.719519467233248
3.084856446713019,-1.056165519995984
-1.7104124065201978,4.058593113112349
3.9539745104354758,-1.8894076125704995
-1.2751613916497497,-0.17425127360687442
-0.24645144311166955,0.7092602668257317
-4.300464538908244,8.239070970239412
4.203702640081321,-5.811482730292528
-3.007230352859025,5.993113882159891
-3.8011308939717328,5.039571626852425
-2.3732405053280248,5.91504657535293
-1.3027219334032147,-0.18444636285893212
-1.654723623317981,5.601054986054368
1.9393737671023832,0.6118229723477153
3.4970745758288793,-5.488550636555118
2.740134222799158,-3.346723766463089
1.6829287517404339,-2.9842506715279242
4.473289152855893,-6.366004391263089
-4.935562633829374,7.9317101352149395
0.8849851809337235,-1.3417618614819529
-1.9521154184575829,5.607374667347224
-4.492052987844591,7.393262050304799
-0.3616626385923585,0.26619533451040867
4.857344649738536,-8.530644031690588
2.7650577333718545,-6.267639395245177
2.985123784776958,-1.0191422717840597
-1.9474036670849504,-0.5197929860066939
-0.11981623325201873,-2.3611884982436573
4.114895832790971,-3.8370070541328296
3.515426157594801,-4.732245509847281
2.4516904164713615,-3.5041649092395892
1.5956187674241038,0.2198067960998522
-0.2547911593988985,1.5786311641201696
4.2252812419647725,-5.291183120603674
0.8901651995954811,-0.8466953504842597
-4.988848478049238,10.04041990722315
2.758804616853431,-1.5746731112782089
3.0281560004666908,-3.375659523524087
4.865131065507214,-9.25971963784296
-4.215068128060487,8.027820102286455
-1.6309025563563848,6.064598827806185
-1.0631007394281857,4.366138535711086
2.519271130352373,-1.6515022138749424
-0.546694023809672,2.8990207834427784
-3.9939122994314333,4.9340899510376826
0.034584631124260135,2.0908878410718
-2.97027360870055,4.156169971416206
-3.7699516206883343,7.145669628981232
0.7143508486596728,5.208294928903616
2.2063590282114474,2.331778547033625
-2.4567935773804948,7.770315446014281
-4.977414346501413,11.985663929626384
2.4850825364791573,-6.479277151099915
4.349326515014356,-2.571354414244417
1.882047376438992,-2.4261263020193926
2.477016135510336,-3.676499452887823
-0.27115899789411113,1.7406278115569287
-2.2549236623524105,6.693958343694818
2.186906806280236,-3.4759213253781844
-0.9257240179953774,-0.6567751924545902
-0.03885464861451737,1.429648649827344
0.6116324051780531,0.6218083420818833
3.758209332622126,-6.031636122562978
3.070497647103174,-4.408647723475948
4.814415443062298,-5.466516913450937
2.5332889027039087,-2.475152130300042
0.9493181181484669,3.356914460657122
-1.9683891701863212,4.313099113216711
2.498177469439846,-7.21126705723735
-4.137900936736795,2.103361968359036
1.496147902684335,-0.05736157337198633
-1.6192305739170045,4.886853902532913
4.000284990437011,-4.840113363172146
-2.8984258292756717,2.453158292333471
-2.9836706973753566,3.953913629698699
-3.3372316612257014,4.287758469583624
2.688671995549903,-5.875911007657608
-0.5949173452293284,-0.14258671090024633
-1.6948053749742353,-1.4812999441727133
3.884601686526338,-7.354951751943822
4.6360638283330005,-3.916587382765584
-2.0393603183476685,2.6800233619082783
-1.7266829096522907,3.797905669037015
4.641314736998382,-9.83012990836932
-2.2438158244627573,0.7926671127345246
0.9613233763078641,-2.167723193359735
0.34396291704428616,-1.5504673069075356
1.6587866520605328,-2.0386211258646685
2.616655907545752,-3.014696889932821
-3.9231873270834807,5.53450942255297
0.4833703255669377,-2.1933332445383953
3.8093575562246134,-3.6403795794993137
-1.3989294828358823,4.8990514207626745
4.4132965339131776,-11.878673872564361
-1.001260699036127,0.6105656893232281
0.22347414195354354,1.9543833650099376
3.0436847071541813,-2.5429612550826377
-4.697014241100927,8.38495326743904
-4.998401209452669,10.610613319583234
-4.587559464875949,8.288423981409753
-1.9363385599662797,4.395767755355961
-0.3220362849589211,0.1468206746405174
-4.458137835332414,6.83043286564882
0.6410468945936385,1.1815893076923853
1.2378421897741507,-2.82401896560118
3.8696618069660964,-5.745802302355312
-4.639482720964097,8.907592707261433
4.338089702109219,-5.898899641503916
2.6524029316985374,-2.152337449422242
-4.3988327176460364,6.985179470818972
-2.1722203438198697,2.3595239950520925
-4.076715984337959,7.390029133284436
1.9425746398196058,-2.036979354429771
-0.3681534693885222,1.7135798766380124
-0.5599799237009453,-0.02830547098769065
3.0525703602956167,-4.70272743164839
-0.5418428988013222,1.4781745270698297
-2.4313172356946557,5.630413996961777
-3.8939031369537966,6.232817806307985
-2.1961670254020604,4.405242217076487
4.131770624510283,-4.098069148596788
4.378209449305256,-6.369686065155788
0.8323984208516277,-2.218065882206708
-0.022764644162304393,1.574786338637538
1.27513280145598,-6.69862052384888
0.47885202917897995,-0.025411048229861066
-2.0216472301562094,2.593232086736339
-0.40279621717047664,0.9455887250403174
-2.891829689760421,1.859566794292177
-4.390437136937827,1.9635394114797524
4.902141046505356,-3.711256448268858
3.4319854269511403,-2.9883714186769024
-1.8356381594949367,2.238589312600759
2.08671636044617,-3.4288590034462008
2.5084039226065613,-6.261368007633659
-4.737138572971444,7.083101279967296
-3.6557886121182728,2.8752105582100227
-3.176041343311391,7.169911898271636
-2.7510346237487795,3.0073126364995177
-3.080653039416874,4.138747234579235
0.6256970408188014,2.567382146683901
-2.695087584721403,5.316309944204797
1.9932032512515647,-5.07981504006802
2.4722085089084276,-1.0988392487834802
1.8506098450800277,-2.1743366609072505
1.6312425110521236,-0.23529933337620346
-2.244829948448106,4.015875283901922
4.484090446857316,-3.93187317776778
3.5228656133894027,-5.021531198360354
4.76985178408354,-4.064340986948293
-1.128098837634636,-0.028112693093417462
-0.12828461132999625,-1.4305343780138244
-3.0172793381433562,6.070497001003236
1.5456655226924614,-6.113649001494078
-2.544215982825402,6.011392844889276
4.383431770334486,-4.662314221075299
0.9073351932067064,-1.1738917845790025
3.4100593324392268,-3.400140069480796
-3.2251360410351912,4.820169084121003
-3.025611690807841,5.540935061332792
1.1981013735955672,-0.14710033538539924
-1.7487792676246694,3.749943890248652
4.989861649970905,-6.456824904661488
-1.8957830447039425,1.5916266016889309
-0.933509086905767,0.46835268406337893
3.474328111529662,-6.235658728445116
2.895879584486024,-7.112538508250959
2.1647544364911955,-5.432977259492578
0.5430259667012614,1.3112747938290232
0.16811992387864994,0.5693471602969018
4.4651408463112325,-8.713524843783263
-2.155452538699544,5.661755553658588
-2.186956188109831,2.9019391565661623
1.0102369848303692,-0.6981964530328226
2.752377125765766,1.8183528201840584
-1.8105996952309855,6.344942403060786
3.955428178735067,-9.064425011547472
2.1167256717099683,-1.0884780201437687
1.49537820528709,-1.3561755499280839
-0.5877058572479168,0.7349596180286
3.897142481597003,-5.165395609796978
2.7366029191626726,-6.254889414041804
-1.302212567068545,4.621182836832984
-2.2825701015706787,1.5205866368418617
-4.92302933692372,6.947804749635925
-2.8261685789041078,5.141820785684825
2.4111695043648993,-3.8760172079196575
-4.075093158399219,8.899869044577844
2.7632977176800733,-6.2776790113504415
1.3909690525183507,-0.65155344344471
-3.3426088084298877,4.754831844074125
3.7308730795953036,-3.212529086762616
2.1578725101492813,-2.2019373419513544
-0.5726367294169243,0.07711023927124616
-0.9822646303129225,1.940672892745372
-2.901532870221515,9.459214237714132
4.019439314263625,-3.1758133967765723
3.8305571184524236,-5.1494391427547175
0.37940841933281,2.5954414581222154
-3.809531942931439,3.2020112515387775
-2.7937944214028576,2.766392337432555
3.762012443635305,-3.573436851357143
3.2689624535290456,-6.739485501281961
3.3713772576886765,-5.741148495968092
1.1211606720719667,-2.7124120677035815
-3.810930530733799,7.025399742275626
1.8903162779481146,-4.243418941996671
-4.366622316588488,8.9946555088672
-1.285345458568461,5.176849492267318
-3.0338879873131583,4.502362715247898
-1.2838514496193754,0.5002134793795405
3.1781118403094073,-3.2407711504221606
2.170772571488354,-1.9121198318036154
-3.9765013574948513,9.28722339319889
-0.45593610872015944,2.929275335153611
-3.915649311686992,8.482977025926004
1.9289165585610926,-2.9550963261924394
-4.233542579956465,5.582023315576084
-4.749374160510196,9.581929197219521
-4.876748406021443,5.193479078194017
-4.197349740226009,11.00348846153245
1.9055087877868457,-2.647138264016961
1.7297536502134037,-1.2774022042810333
1.8550789702813137,1.1417256104360782
3.8089735868306676,-2.5464750446557876
-2.8913406467245126,3.2597785470360163
-3.374561612063295,7.560987302799817
2.870359458148198,-4.98347237521146
0.37804173784151907,3.2907232499952053
3.1001780108110584,-3.7939317355640823
-0.6089888945024766,1.661968417589411
1.410409375164205,-1.2626213629238021
-2.9811154227727235,6.2377307209556605
2.5193847279567203,-2.911004921423494
2.974519632687592,-4.26842714514697
-0.6622542958279753,5.011001446974264
1.5112264397612112,-0.48336822449936234
-0.9389140285186333,1.0915790609349254
4.363216774381671,-3.5153484726939697
-4.643935363726803,7.3196062352025715
-1.2081130204243573,2.1943885345312846
-3.781106908889116,11.664723952669643
2.690980796362483,-2.294858075477867
2.167133929084364,-2.2267159878263434
1.1669628592851167,1.4950146752486972
-4.071769070679183,8.050426204242822
-4.350316029029216,8.334652440535725
-4.880181089424535,5.430065019711846
1.4529081251671307,0.5085861547719466
1.136336559432591,-1.2230667517802725
-0.8644772891746637,0.9081762753466092
0.8465767774279742,-1.1259171849162892
-0.47177574438632064,2.3318717825198174
-3.8805759714411425,7.668663865143226
1.1634996257286563,1.0689161022344273
1.0367173233671831,-2.3992024024749004
-0.6969809901406876,4.332320877499125
0.4378136459678048,-2.175912754157577
1.3500596734620007,1.733196576058047
-2.369035026416062,4.069001072388368
-1.2509885711032975,4.076912839747589
0.41185870086128507,-1.9917156795797366
-4.15499306854077,5.236409876172466
-1.123288721800142,3.2864388710830834
-2.9191921146147304,3.270392115725887
1.2587901735662133,-0.1294447475669519
2.4248783000131784,-1.4397873767715252
-4.476858405185583,5.16570160856848
1.2692363938262385,-0.9146755879679556
-2.8648372741489414,3.9864949762676334
0.521633374685754,-3.0129077110936495
-2.4291489394041346,4.5070091511875745
-1.8611742201887793,1.7195588646651867
3.684153256411582,-1.844051898540315
0.44253159505208384,1.5277154001332747
-2.616634477746358,5.151314967445279
-1.000092195664072,2.588715880244454
2.4831733449032676,-3.4050048386840452
1.6465544346505725,-0.04066318337158936
-3.0912774454418566,5.372728757608547
3.55698147547759,-7.458455186329774
-1.7971587916418397,9.410719084720931
-3.3041465125911595,6.438010210161275
4.4665590074638555,-3.2186590443097165
-2.5820213391537505,8.284173637990198
4.146208518226391,-3.5215738852099845
-4.632972541165804,4.715172256880903
-2.041267858545166,3.250062950851572
4.576316597294214,-7.419230360693922
-1.8578515008543093,3.6324127640462542
4.1178764294805585,-4.582629563586521
2.5238783367112747,-4.612435704483536
3.2759817518685903,-1.9921133817881111
3.292021513079547,-3.046730583373484
1.622424006886602,1.8281104631783904
